The Dead Author’s Podcast,Honorary mention goes to a Live Play podcast using improvisers: Twenty Sided Stories,8. THE ANDY DALY PODCAST PILOT PROJECT,4. “The Adventure Zone”,"Dracula, a Comedy of Terrors",Read It On Reddit,The Scott Alan Turner Show | FINANCIAL ROCK STAR,The Backline - An Improv Podcast,Mega
Mission to Zyxx,Mission to Zyxx,"5. HELLO, FROM THE MAGIC TAVERN",13. “The Meat Improv”,iO U: An Interview,World Of Darkness,The Dollop with Dave Anthony and Gareth Reynolds,improv4humans with Matt Besser,Earprov Podcast
Improv4humans,Civilized,1. IMPROV4HUMANS W/ MATT BESSER,8. “Beef and Dairy Network Podcast”,Concrete Cowboys,Rubber Ducks and Flamingos,Larry Miller Show,Improv Comedy Connection,Improv Interviews
Hello from the Magic Tavern,Off Book: The Improvised Musical,9. IMPROV NERD WITH JIMMY CARRANE,2. “Beautiful Stories from Anonymous People”,That’s B.S.,Bruno dans la Radio,improv4humans with Matt Besser,Off Book: The Improvised Musical,Penance RPG
Offbook,Stellar Firma,10. PISTOL SHRIMPS RADIO,1. “Mission to Zyxx”,Slightly Struggling,Hello From The Magic Tavern,Superego,Improv London Podcast,The BROcast Network©
Teacher’s Lounge,Improvised Star Trek,4. SPONTANEANATION W/ PAUL F. TOMPKINS,7. “Harmontown”,#TheMorningShift: Where Shift Happens,Pocheando Ando,Alchemy This,Improv Nerd With Jimmy Carrane,Interview Hour
,,7. WOMP IT UP! W/ WOMPLER + LISTLER,3. “Trust”,Three Good Good Boys,Mega,Hello From The Magic Tavern,Improv Interviews,The Health Ranger Report
,,2. COMEDY BANG BANG! THE PODCAST,12. “Off Book”,"4, 3, 2 - Fun! The Shenanigans Podcast",コンビニエンスなチキンたち,Voyage to the Stars,"Improv, Beat by Beat",The World of Phil Hendrie
,,6. WITH SPECIAL GUEST LAUREN LAPKUS,5. “Judge John Hodgman”,Magic Morning,Cosmonaut Tabletop,High Speed Dining (+ Marijuana Ringtones) with Stoner Food Critic Joel Haas,Big Town Improv with Jesse Moriarty and Josh Pilch,LOLJK
,,3. SUPEREGO,11. “With Special Guest Lauren Lapkus”,Weekend Writer's Room,Review Revue,The Basement Yard,Improv - The Joy of Yes!,Hysterical History
,,,10. “Improv4Humans”,Firsthand: Geniuses,深夜馬戲團 PODCAST,,Good Improv,Beginnings
,,,9. “Missi and Zach Might Bang”,Your Daily Dose with Bob and Nick,Podcast About List,,Audio Based Content: an Improv Comedy Podcast,The Art of Bombing
,,,6. “Hello From The Magic Tavern”,"Two Guys, One Mug",Three Good Good Boys,,The Improv Lifestyle,Chronicles of the Unstable
,,,,Short Stuff podcast,The Basement Yard,,Improv Touchstones,High and Mighty
,,,,Sippin' 40’s with Jacob & Giovanni,Superego,,The Improv Chronicle Podcast,Wasting ALL the Time
,,,,valoudreaming,A Drunken Place,,IMPROV,Cover My Ass
,,,,Wording is Hard,Insecuritea,,Improv Radiov,Swallows of the South
,,,,Meditation with Gary,dis504girl,,Hello From The Magic Tavern,Hypotheticast
,,,,Late Night Club,The Tony Talks Podcast,,The Improv Punch Up – PodCavern,The Dead Bedouins Podcast
,,,,Locked In: The Baseball Podcast,Saving Sex and the City 3,,Improv Comedy Institute Podcast,The MEAT Improv with Jake Jabbour and Josh Simpson
,,,,,improv4humans with Matt Besser,,Solo improv comedy,
,,,,,Weekend Writer's Room,,The Paper Towel Improv Podcast: Quick Bites with Rafi,
,,,,,Improv Obsession - Conversations About Improvising Better,,What Is Improv Podcast,
,,,,,1334show,,The MEAT Improv with Jake Jabbour and Josh Simpson,
,,,,,Balbaro Que Podcast,,Giggle Me This - Improv Podcast,
,,,,,Brain Jail,,Galaxy Factory Improv,
,,,,,Distorted View Daily,,Improv Tips,
,,,,,QuizzleMania: A Wrestling Comedy Quiz Show!,,Hoopla Improv Podcast,
,,,,,Ghostrunners,,Improv Resource Center Podcast,
,,,,,Small Town News,,Improv'd - A StayFreshStayRaw Podcast,
,,,,,Apocalypse Bros,,Improv Comedy,
,,,,,I Didn’t Ask for a Sister,,Alchemy This,
,,,,,Simulation Theory,,Go Through The Door - Fearless Improv,
,,,,,My Neighbors Are Dead,,Mischief Improv,
,,,,,Goth and Bougie Podcast,,Improv Yak,
,,,,,Professional Contestants,,,
,,,,,Youre The Man Now Dog,,,
,,,,,Cricket Squadron,,,
,,,,,贤者时间 (podcast),,,
,,,,,Alabaster Peaks - An Improvised Podcast,,,
,,,,,The Rob Bartlett Radio Comedy Hour,,,
,,,,,Mortal Enemies,,,
,,,,,World Record Podcast with Brendon Walsh,,,
,,,,,Dwóch Typów Podcast,,,
,,,,,Very Random Encounters: Chaotic Improv Actual Play,,,
,,,,,No Joke Podcast,,,
,,,,,The Crow Chronicles,,,
,,,,,"Dracula, a Comedy of Terrors",,,
,,,,,Don't Eat All The Meatballs!,,,
,,,,,Dr. Fix Me,,,
,,,,,Hysterical Women,,,
,,,,,MR. N'APPROPRIATE,,,
,,,,,Afternoonified,,,
,,,,,Talking It Out - RTÉ,,,
,,,,,The Underculture with James Adomian,,,
,,,,,Baldy's Take,,,
,,,,,Kevin Matthews,,,
,,,,,The Dollop with Dave Anthony and Gareth Reynolds,,,
,,,,,The Dollop - England & UK,,,
,,,,,Jim and Them,,,
,,,,,Tell Me I'm Wrong,,,
,,,,,Jacked,,,
,,,,,O'Brien & Bolt: The Podcasts,,,
,,,,,The Gruesome Twosome,,,
,,,,,Värdegrunden,,,
,,,,,The Shpodcast,,,
,,,,,Podcast By The Street,,,
,,,,,The Rank 'Em Podcast,,,
,,,,,Chilluminati Podcast,,,
,,,,,Please Save Me,,,
,,,,,This Is Not A Cult Podcast,,,
,,,,,For or Against,,,
,,,,,Riled Up with Arielle & Matt,,,
,,,,,Todo Se Me Resbala,,,
,,,,,Knuck If You Brunch,,,
,,,,,Two In The Think Tank,,,
,,,,,Interesting If True,,,
,,,,,FALA MEMO,,,
,,,,,Super Fun Time Trivia,,,
,,,,,Good Morning From Hell,,,
,,,,,A Corporate Time with Tom and Dan,,,
,,,,,Tuesday Night Train Wreck,,,
,,,,,Harpy Hour,,,
,,,,,Lets Talk Stoned,,,
,,,,,Deck of Friendship!,,,
,,,,,Wolf Pack Migos,,,
,,,,,Pisteando y Platicando,,,
,,,,,Nights at the Round Table,,,
,,,,,Dee holt in the mfn morning,,,
,,,,,The Stubborn Heroes: A D&D Podcast,,,
,,,,,Real_bitch_shit,,,
,,,,,冏破咖,,,
,,,,,Teen Talk!,,,
,,,,,The Mustache Rangers Podcast: Comedy | Sci-Fi | Improv,,,
,,,,,The Digital Gumbo Podcast,,,
,,,,,Qué Yico de Coco Celis,,,
,,,,,Nightgeist,,,
,,,,,The Podcast Brothers,,,
,,,,,Pretending to be People,,,
,,,,,Da Rona Report with Mandii B,,,
,,,,,Comedy Gravy,,,
,,,,,Head In The Clouds,,,
,,,,,Uplifting...,,,
,,,,,Questionable Material with Jack & Brian,,,
,,,,,Worst Foot Forward,,,
,,,,,Fudged Roll,,,
,,,,,Short Stuff podcast,,,
,,,,,Why Bother,,,
,,,,,Two Moms + a Mic,,,
,,,,,Fanatical Fics and Where to Find Them: A Harry Potter Fanfiction Podcast,,,
,,,,,Out Of Context,,,
,,,,,Bae With a “Z” Podcast,,,
,,,,,Poorly Educated,,,
,,,,,Deep Fried,,,
,,,,,Improvised Star Trek,,,
,,,,,Be Offended Radio,,,
,,,,,Nonsense,,,
,,,,,さくら通信,,,
,,,,,The Rad Dudecast,,,
,,,,,The Try Hards Podcast,,,
,,,,,Quick Question with Soren and Daniel,,,
,,,,,High Speed Dining (+ Marijuana Ringtones) with Stoner Food Critic Joel Haas,,,
,,,,,ILLUSIONOID,,,
,,,,,A Mediocre Time with Tom and Dan,,,
,,,,,The Sip&Chill Show,,,
,,,,,I Will Write Your Book,,,
,,,,,I'm Too Effing High,,,
,,,,,The Ed Bassmaster Podcast,,,
,,,,,Moonshine Chronicles,,,
,,,,,Boozy Betties,,,
,,,,,20 Sided Stories,,,
,,,,,The Men's Room,,,
,,,,,Cal’s Pals First Podcast,,,
,,,,,Le Vacher Time,,,
,,,,,The High Pitch Erik Show,,,
,,,,,Unload The Week,,,
,,,,,On The Spot,,,
,,,,,El Cuido Podcast,,,
,,,,,The Team Trash Cast,,,
,,,,,Locked In: The Baseball Podcast,,,
,,,,,Gettin Peggy Wit It,,,
,,,,,Our vaginas against the universe,,,
,,,,,Not Another D&D Podcast,,,
,,,,,Pickle Throwers,,,
,,,,,The Broke Daddies,,,
,,,,,We Danglin,,,
,,,,,Larry Miller Show,,,
,,,,,Ningún chile te embona,,,
,,,,,旅歐三小事,,,
,,,,,Lunch Club Podcast,,,
,,,,,People Pleasing,,,
,,,,,Wording is Hard,,,
,,,,,马扎儿广播,,,
,,,,,Thank You Please,,,
,,,,,Audio Obscura,,,
,,,,,Crank Yankers,,,
,,,,,Troubled Waters,,,
,,,,,The Complete Woman,,,
,,,,,The Headgum Podcast,,,
,,,,,Second Best: A DnD Adventure,,,
,,,,,Poorly Read Podcast - Season One: Harry Potter,,,
,,,,,Expert on Everything,,,
,,,,,Hello Dysfunction,,,
,,,,,Deniz Göktaş'a Ayıracak Vaktim Yok,,,
,,,,,The Improv Chronicle Podcast,,,
,,,,,The Big Ones,,,
,,,,,The Communion,,,
,,,,,Trailer Park Boys,,,
,,,,,Alchemy This,,,
,,,,,Mixed Opinions Podcast,,,
,,,,,Cilantro al Aire,,,
,,,,,The Sacred Books of Britney Spears,,,
,,,,,Podcast Minute Talk Show,,,
,,,,,Talkin' Trader Joes,,,
,,,,,Unapologetically Human,,,
,,,,,Voyage to the Stars,,,
,,,,,Dispatches from the Multiverse,,,
,,,,,The Snooze Button Wake Up Show,,,
,,,,,Annoyingly Positive Podcast,,,
,,,,,Firsthand,,,
,,,,,ThisBlondeBrunette,,,
,,,,,if u know u know,,,
,,,,,Listen To This While You Shit,,,
,,,,,Posomcast,,,
,,,,,Being Earnest,,,
,,,,,iO U: An Interview,,,
,,,,,Affermazioni Positive,,,
,,,,,ザッピングラジオ,,,
,,,,,Documented Bits,,,
,,,,,Free Time,,,
,,,,,Big brain time,,,
,,,,,Cryptid Technical,,,
,,,,,SuperMegaCast,,,
,,,,,Teen Girl Talks,,,
,,,,,Blivet - An Improvised Radio Play Podcast,,,
,,,,,Shusher Guided Meditations,,,
,,,,,Everyone Bailed,,,
,,,,,Funbone Local,,,
,,,,,The Commercial Break,,,
,,,,,The No Town Saints Sketchcast,,,